Year,ID,Activity,Percent
2003,TUU30105AA01005442,Socializing and communicating (except social events),38.2
2003,TUU30105AA01005514,Attending or hosting social events,3.4
2003,TUU30105AA01005658,Relaxing and thinking,23.7
2003,TUU30105AA01005910,Playing games,7.8
2003,TUU30105AA01006114,"Computer use for leisure, excluding games",8.2
2003,TUU30105AA01006315,Reading for personal interest,26.3
2003,TUU30105AA01006567,Arts and entertainment (other than sports),3.8
2003,TUU30105AA01014236,Watching TV,78.8
2004,TUU30105AA01005442,Socializing and communicating (except social events),38.0
2004,TUU30105AA01005514,Attending or hosting social events,3.5
2004,TUU30105AA01005658,Relaxing and thinking,21.0
2004,TUU30105AA01005910,Playing games,8.3
2004,TUU30105AA01006114,"Computer use for leisure, excluding games",9.5
2004,TUU30105AA01006315,Reading for personal interest,27.7
2004,TUU30105AA01006567,Arts and entertainment (other than sports),4.2
2004,TUU30105AA01014236,Watching TV,80.6
2005,TUU30105AA01005442,Socializing and communicating (except social events),38.7
2005,TUU30105AA01005514,Attending or hosting social events,2.9
2005,TUU30105AA01005658,Relaxing and thinking,22.5
2005,TUU30105AA01005910,Playing games,8.9
2005,TUU30105AA01006114,"Computer use for leisure, excluding games",9.2
2005,TUU30105AA01006315,Reading for personal interest,27.0
2005,TUU30105AA01006567,Arts and entertainment (other than sports),3.5
2005,TUU30105AA01014236,Watching TV,79.8
2006,TUU30105AA01005442,Socializing and communicating (except social events),38.9
2006,TUU30105AA01005514,Attending or hosting social events,3.1
2006,TUU30105AA01005658,Relaxing and thinking,21.6
2006,TUU30105AA01005910,Playing games,8.6
2006,TUU30105AA01006114,"Computer use for leisure, excluding games",9.6
2006,TUU30105AA01006315,Reading for personal interest,26.4
2006,TUU30105AA01006567,Arts and entertainment (other than sports),3.6
2006,TUU30105AA01014236,Watching TV,79.5
2007,TUU30105AA01005442,Socializing and communicating (except social events),36.7
2007,TUU30105AA01005514,Attending or hosting social events,2.9
2007,TUU30105AA01005658,Relaxing and thinking,20.4
2007,TUU30105AA01005910,Playing games,8.8
2007,TUU30105AA01006114,"Computer use for leisure, excluding games",9.8
2007,TUU30105AA01006315,Reading for personal interest,24.9
2007,TUU30105AA01006567,Arts and entertainment (other than sports),3.5
2007,TUU30105AA01014236,Watching TV,79.5
2008,TUU30105AA01005442,Socializing and communicating (except social events),37.6
2008,TUU30105AA01005514,Attending or hosting social events,2.3
2008,TUU30105AA01005658,Relaxing and thinking,19.9
2008,TUU30105AA01005910,Playing games,9.0
2008,TUU30105AA01006114,"Computer use for leisure, excluding games",9.5
2008,TUU30105AA01006315,Reading for personal interest,23.9
2008,TUU30105AA01006567,Arts and entertainment (other than sports),3.2
2008,TUU30105AA01014236,Watching TV,80.9
2009,TUU30105AA01005442,Socializing and communicating (except social events),37.7
2009,TUU30105AA01005514,Attending or hosting social events,2.4
2009,TUU30105AA01005658,Relaxing and thinking,19.2
2009,TUU30105AA01005910,Playing games,10.4
2009,TUU30105AA01006114,"Computer use for leisure, excluding games",10.9
2009,TUU30105AA01006315,Reading for personal interest,24.2
2009,TUU30105AA01006567,Arts and entertainment (other than sports),3.1
2009,TUU30105AA01014236,Watching TV,81.8
2010,TUU30105AA01005442,Socializing and communicating (except social events),35.6
2010,TUU30105AA01005514,Attending or hosting social events,2.6
2010,TUU30105AA01005658,Relaxing and thinking,19.1
2010,TUU30105AA01005910,Playing games,9.4
2010,TUU30105AA01006114,"Computer use for leisure, excluding games",12.0
2010,TUU30105AA01006315,Reading for personal interest,21.1
2010,TUU30105AA01006567,Arts and entertainment (other than sports),3.0
2010,TUU30105AA01014236,Watching TV,79.4
2011,TUU30105AA01005442,Socializing and communicating (except social events),34.1
2011,TUU30105AA01005514,Attending or hosting social events,2.6
2011,TUU30105AA01005658,Relaxing and thinking,18.8
2011,TUU30105AA01005910,Playing games,9.0
2011,TUU30105AA01006114,"Computer use for leisure, excluding games",13.7
2011,TUU30105AA01006315,Reading for personal interest,20.0
2011,TUU30105AA01006567,Arts and entertainment (other than sports),2.9
2011,TUU30105AA01014236,Watching TV,78.3
2012,TUU30105AA01005442,Socializing and communicating (except social events),35.3
2012,TUU30105AA01005514,Attending or hosting social events,3.0
2012,TUU30105AA01005658,Relaxing and thinking,18.4
2012,TUU30105AA01005910,Playing games,9.5
2012,TUU30105AA01006114,"Computer use for leisure, excluding games",13.1
2012,TUU30105AA01006315,Reading for personal interest,20.7
2012,TUU30105AA01006567,Arts and entertainment (other than sports),3.1
2012,TUU30105AA01014236,Watching TV,80.1
2013,TUU30105AA01005442,Socializing and communicating (except social events),35.5
2013,TUU30105AA01005514,Attending or hosting social events,2.2
2013,TUU30105AA01005658,Relaxing and thinking,19.0
2013,TUU30105AA01005910,Playing games,10.3
2013,TUU30105AA01006114,"Computer use for leisure, excluding games",13.4
2013,TUU30105AA01006315,Reading for personal interest,20.5
2013,TUU30105AA01006567,Arts and entertainment (other than sports),2.9
2013,TUU30105AA01014236,Watching TV,79.4
2014,TUU30105AA01005442,Socializing and communicating (except social events),36.2
2014,TUU30105AA01005514,Attending or hosting social events,2.2
2014,TUU30105AA01005658,Relaxing and thinking,18.9
2014,TUU30105AA01005910,Playing games,10.3
2014,TUU30105AA01006114,"Computer use for leisure, excluding games",13.4
2014,TUU30105AA01006315,Reading for personal interest,21.3
2014,TUU30105AA01006567,Arts and entertainment (other than sports),3.0
2014,TUU30105AA01014236,Watching TV,79.9
2015,TUU30105AA01005442,Socializing and communicating (except social events),36.8
2015,TUU30105AA01005514,Attending or hosting social events,2.1
2015,TUU30105AA01005658,Relaxing and thinking,19.8
2015,TUU30105AA01005910,Playing games,11.2
2015,TUU30105AA01006114,"Computer use for leisure, excluding games",13.0
2015,TUU30105AA01006315,Reading for personal interest,21.1
2015,TUU30105AA01006567,Arts and entertainment (other than sports),3.0
2015,TUU30105AA01014236,Watching TV,79.9
2016,TUU30105AA01005442,Socializing and communicating (except social events),34.6
2016,TUU30105AA01005514,Attending or hosting social events,2.3
2016,TUU30105AA01005658,Relaxing and thinking,20.4
2016,TUU30105AA01005910,Playing games,11.2
2016,TUU30105AA01006114,"Computer use for leisure, excluding games",11.2
2016,TUU30105AA01006315,Reading for personal interest,19.5
2016,TUU30105AA01006567,Arts and entertainment (other than sports),2.8
2016,TUU30105AA01014236,Watching TV,79.1
2017,TUU30105AA01005442,Socializing and communicating (except social events),34.1
2017,TUU30105AA01005514,Attending or hosting social events,2.6
2017,TUU30105AA01005658,Relaxing and thinking,20.6
2017,TUU30105AA01005910,Playing games,11.4
2017,TUU30105AA01006114,"Computer use for leisure, excluding games",12.7
2017,TUU30105AA01006315,Reading for personal interest,18.7
2017,TUU30105AA01006567,Arts and entertainment (other than sports),3.0
2017,TUU30105AA01014236,Watching TV,77.7
2018,TUU30105AA01005442,Socializing and communicating (except social events),33.8
2018,TUU30105AA01005514,Attending or hosting social events,2.1
2018,TUU30105AA01005658,Relaxing and thinking,20.1
2018,TUU30105AA01005910,Playing games,11.3
2018,TUU30105AA01006114,"Computer use for leisure, excluding games",12.6
2018,TUU30105AA01006315,Reading for personal interest,17.5
2018,TUU30105AA01006567,Arts and entertainment (other than sports),3.3
2018,TUU30105AA01014236,Watching TV,78.4
2019,TUU30105AA01005442,Socializing and communicating (except social events),33.6
2019,TUU30105AA01005514,Attending or hosting social events,2.0
2019,TUU30105AA01005658,Relaxing and thinking,18.8
2019,TUU30105AA01005910,Playing games,11.7
2019,TUU30105AA01006114,"Computer use for leisure, excluding games",13.3
2019,TUU30105AA01006315,Reading for personal interest,18.0
2019,TUU30105AA01006567,Arts and entertainment (other than sports),3.0
2019,TUU30105AA01014236,Watching TV,77.9
2021,TUU30105AA01005442,Socializing and communicating (except social events),28.1
2021,TUU30105AA01005514,Attending or hosting social events,1.4
2021,TUU30105AA01005658,Relaxing and thinking,21.8
2021,TUU30105AA01005910,Playing games,14.0
2021,TUU30105AA01006114,"Computer use for leisure, excluding games",14.0
2021,TUU30105AA01006315,Reading for personal interest,17.9
2021,TUU30105AA01006567,Arts and entertainment (other than sports),1.5
2021,TUU30105AA01014236,Watching TV,78.0
2022,TUU30105AA01005442,Socializing and communicating (except social events),27.5
2022,TUU30105AA01005514,Attending or hosting social events,1.8
2022,TUU30105AA01005658,Relaxing and thinking,21.6
2022,TUU30105AA01005910,Playing games,14.4
2022,TUU30105AA01006114,"Computer use for leisure, excluding games",13.5
2022,TUU30105AA01006315,Reading for personal interest,16.7
2022,TUU30105AA01006567,Arts and entertainment (other than sports),2.3
2022,TUU30105AA01014236,Watching TV,76.5
2023,TUU30105AA01005442,Socializing and communicating (except social events),27.7
2023,TUU30105AA01005514,Attending or hosting social events,2.2
2023,TUU30105AA01005658,Relaxing and thinking,21.2
2023,TUU30105AA01005910,Playing games,14.7
2023,TUU30105AA01006114,"Computer use for leisure, excluding games",13.7
2023,TUU30105AA01006315,Reading for personal interest,16.2
2023,TUU30105AA01006567,Arts and entertainment (other than sports),2.2
2023,TUU30105AA01014236,Watching TV,73.7
2024,TUU30105AA01005442,Socializing and communicating (except social events),28.9
2024,TUU30105AA01005514,Attending or hosting social events,1.7
2024,TUU30105AA01005658,Relaxing and thinking,20.6
2024,TUU30105AA01005910,Playing games,15.3
2024,TUU30105AA01006114,"Computer use for leisure, excluding games",13.0
2024,TUU30105AA01006315,Reading for personal interest,16.1
2024,TUU30105AA01006567,Arts and entertainment (other than sports),2.2
2024,TUU30105AA01014236,Watching TV,72.8
